ALB212	24
AV-21	26
Ale14	31
Ale20	25
Ale22	31
Ale32	29
Armenian222	30
Ayodo_430C	25
Ayodo_502C	24
Ayodo_81S	54
B11	34
B17	23
Bishkek28439	25
Bishkek28440	32
Bu16	37
Bu5	32
BulgarianB4	56
BulgarianC1	50
CHI-007	33
CHI-034	27
DNK05	26
DNK07	25
DNK11	23
Dus16	25
Dus22	33
Esk29	30
Est375	25
Est400	23
HG00096	29
HG00097	28
HG00099	31
HG00100	26
HG00101	29
HG00102	27
HG00103	28
HG00105	24
HG00106	30
HG00107	28
HG00108	28
HG00109	29
HG00110	27
HG00111	26
HG00112	28
HG00113	25
HG00114	28
HG00115	24
HG00116	38
HG00117	33
HG00118	30
HG00119	29
HG00120	33
HG00121	27
HG00122	29
HG00123	26
HG00125	24
HG00126	54
HG00127	29
HG00128	29
HG00129	25
HG00130	25
HG00131	29
HG00132	27
HG00133	42
HG00136	28
HG00137	27
HG00138	29
HG00139	30
HG00140	28
HG00141	27
HG00142	27
HG00143	26
HG00145	25
HG00146	36
HG00148	26
HG00149	27
HG00150	33
HG00151	29
HG00154	28
HG00155	25
HG00157	25
HG00158	30
HG00159	28
HG00160	27
HG00171	28
HG00173	25
HG00174	48
HG00176	28
HG00177	26
HG00178	27
HG00179	25
HG00180	28
HG00181	28
HG00182	29
HG00183	27
HG00185	29
HG00186	27
HG00187	28
HG00188	26
HG00189	24
HG00190	22
HG00231	27
HG00232	47
HG00233	34
HG00234	31
HG00235	31
HG00236	31
HG00237	27
HG00238	24
HG00239	28
HG00240	25
HG00242	33
HG00243	34
HG00244	30
HG00245	35
HG00246	27
HG00250	26
HG00251	33
HG00252	28
HG00253	30
HG00254	28
HG00255	28
HG00256	28
HG00257	29
HG00258	31
HG00259	26
HG00260	25
HG00261	26
HG00262	26
HG00263	25
HG00264	28
HG00265	30
HG00266	27
HG00267	28
HG00268	26
HG00269	25
HG00271	28
HG00272	38
HG00273	29
HG00274	27
HG00275	27
HG00276	24
HG00277	29
HG00278	31
HG00280	31
HG00281	26
HG00282	27
HG00284	28
HG00285	29
HG00288	25
HG00290	37
HG00304	28
HG00306	27
HG00308	25
HG00309	29
HG00310	27
HG00311	27
HG00313	29
HG00315	26
HG00318	25
HG00319	28
HG00320	32
HG00321	3
HG00323	25
HG00324	27
HG00325	25
HG00326	36
HG00327	28
HG00328	25
HG00329	30
HG00330	27
HG00331	28
HG00332	29
HG00334	27
HG00335	26
HG00336	31
HG00337	26
HG00338	29
HG00339	33
HG00341	27
HG00342	27
HG00343	26
HG00344	28
HG00345	27
HG00346	25
HG00349	30
HG00350	39
HG00351	25
HG00353	27
HG00355	39
HG00356	27
HG00357	28
HG00358	30
HG00360	29
HG00361	27
HG00362	28
HG00364	27
HG00365	27
HG00366	24
HG00367	25
HG00368	26
HG00369	38
HG00371	30
HG00372	27
HG00373	27
HG00375	29
HG00376	28
HG00378	27
HG00379	29
HG00380	28
HG00381	28
HG00382	26
HG00383	28
HG00384	28
HG00403	27
HG00404	25
HG00405	27
HG00406	27
HG00407	29
HG00408	28
HG00409	24
HG00410	27
HG00418	27
HG00419	28
HG00420	27
HG00421	29
HG00422	28
HG00423	28
HG00427	29
HG00428	26
HG00429	28
HG00436	25
HG00437	27
HG00438	28
HG00442	29
HG00443	30
HG00444	28
HG00445	30
HG00446	28
HG00447	27
HG00448	29
HG00449	26
HG00450	28
HG00451	28
HG00452	26
HG00453	30
HG00457	28
HG00458	28
HG00459	27
HG00463	28
HG00464	28
HG00465	28
HG00472	25
HG00473	30
HG00474	28
HG00475	28
HG00476	25
HG00477	30
HG00478	27
HG00479	24
HG00480	27
HG00500	29
HG00501	25
HG00502	27
HG00512	29
HG00513	53
HG00514	28
HG00524	27
HG00525	25
HG00526	28
HG00530	28
HG00531	28
HG00532	28
HG00533	28
HG00534	28
HG00535	27
HG00536	25
HG00537	25
HG00538	28
HG00542	26
HG00543	32
HG00544	27
HG00551	37
HG00552	29
HG00553	29
HG00554	28
HG00555	25
HG00556	24
HG00557	27
HG00558	27
HG00559	27
HG00560	26
HG00561	29
HG00565	25
HG00566	38
HG00567	26
HG00577	25
HG00578	27
HG00579	27
HG00580	29
HG00581	26
HG00582	26
HG00583	27
HG00584	33
HG00585	25
HG00589	28
HG00590	27
HG00591	28
HG00592	28
HG00593	28
HG00594	29
HG00595	25
HG00596	36
HG00597	27
HG00598	28
HG00599	28
HG00607	31
HG00608	37
HG00609	28
HG00610	28
HG00611	28
HG00612	27
HG00613	27
HG00614	26
HG00615	28
HG00619	33
HG00620	29
HG00621	27
HG00622	25
HG00623	29
HG00625	29
HG00626	27
HG00627	26
HG00628	29
HG00629	37
HG00630	29
HG00631	26
HG00632	26
HG00634	28
HG00635	28
HG00636	29
HG00637	28
HG00638	30
HG00639	24
HG00640	26
HG00641	26
HG00642	29
HG00650	32
HG00651	28
HG00652	27
HG00653	23
HG00654	26
HG00655	28
HG00656	28
HG00657	25
HG00658	28
HG00662	3
HG00663	27
HG00664	29
HG00671	28
HG00672	24
HG00673	26
HG00674	28
HG00675	26
HG00683	26
HG00684	25
HG00685	28
HG00689	40
HG00690	25
HG00691	28
HG00692	28
HG00693	28
HG00694	28
HG00698	32
HG00699	30
HG00700	28
HG00701	32
HG00702	27
HG00703	28
HG00704	25
HG00705	25
HG00706	27
HG00707	27
HG00708	27
HG00709	28
HG00717	26
HG00728	27
HG00729	31
HG00731	26
HG00732	26
HG00733	27
HG00734	28
HG00735	25
HG00736	26
HG00737	28
HG00738	28
HG00739	27
HG00740	27
HG00741	28
HG00742	30
HG00743	24
HG00759	27
HG00766	27
HG00844	26
HG00851	30
HG00864	28
HG00867	28
HG00879	25
HG00881	29
HG00956	27
HG00978	30
HG00982	33
HG01028	22
HG01029	36
HG01031	28
HG01046	28
HG01047	28
HG01048	36
HG01049	33
HG01050	24
HG01051	25
HG01052	28
HG01053	28
HG01054	25
HG01055	27
HG01056	29
HG01058	29
HG01060	29
HG01061	27
HG01062	27
HG01063	28
HG01064	28
HG01066	29
HG01067	27
HG01068	27
HG01069	22
HG01070	26
HG01071	28
HG01072	24
HG01073	29
HG01074	28
HG01075	29
HG01077	27
HG01079	27
HG01080	28
HG01081	27
HG01082	29
HG01083	32
HG01084	28
HG01085	26
HG01086	28
HG01087	25
HG01088	29
HG01089	37
HG01092	25
HG01094	27
HG01095	26
HG01096	28
HG01097	27
HG01098	27
HG01099	31
HG01100	27
HG01101	29
HG01102	30
HG01103	27
HG01104	26
HG01105	34
HG01106	28
HG01107	30
HG01108	27
HG01109	29
HG01110	30
HG01111	24
HG01112	28
HG01113	27
HG01114	27
HG01119	27
HG01121	27
HG01122	35
HG01124	28
HG01125	27
HG01126	28
HG01130	27
HG01131	28
HG01133	28
HG01134	31
HG01135	29
HG01136	29
HG01137	28
HG01138	27
HG01139	29
HG01140	30
HG01141	26
HG01142	30
HG01148	27
HG01149	48
HG01150	28
HG01161	27
HG01162	25
HG01164	26
HG01167	39
HG01168	26
HG01169	24
HG01170	25
HG01171	29
HG01172	27
HG01173	26
HG01174	27
HG01175	26
HG01176	37
HG01177	30
HG01178	28
HG01182	29
HG01183	31
HG01184	27
HG01187	27
HG01188	27
HG01189	28
HG01190	28
HG01191	29
HG01192	25
HG01197	27
HG01198	28
HG01199	28
HG01200	28
HG01204	26
HG01205	31
HG01206	25
HG01241	28
HG01242	27
HG01243	26
HG01247	27
HG01248	37
HG01249	24
HG01250	31
HG01251	27
HG01252	28
HG01253	28
HG01254	31
HG01255	28
HG01256	30
HG01257	27
HG01258	28
HG01259	28
HG01260	31
HG01261	28
HG01269	28
HG01271	30
HG01272	27
HG01273	28
HG01274	28
HG01275	28
HG01276	24
HG01277	27
HG01278	27
HG01279	24
HG01280	28
HG01281	28
HG01284	27
HG01286	31
HG01302	27
HG01303	25
HG01305	27
HG01308	27
HG01311	29
HG01312	28
HG01323	28
HG01325	28
HG01326	28
HG01334	28
HG01341	28
HG01342	26
HG01343	27
HG01344	29
HG01345	27
HG01346	27
HG01347	27
HG01348	30
HG01349	28
HG01350	27
HG01351	25
HG01352	27
HG01353	38
HG01354	29
HG01355	27
HG01356	28
HG01357	25
HG01358	30
HG01359	27
HG01360	27
HG01361	28
HG01362	26
HG01363	27
HG01365	29
HG01366	27
HG01367	25
HG01369	31
HG01372	28
HG01374	29
HG01375	27
HG01376	28
HG01377	30
HG01378	37
HG01379	28
HG01383	29
HG01384	26
HG01385	26
HG01389	26
HG01390	29
HG01391	28
HG01392	28
HG01393	25
HG01395	30
HG01396	28
HG01398	28
HG01402	28
HG01403	25
HG01405	29
HG01412	28
HG01413	28
HG01414	27
HG01431	27
HG01432	25
HG01433	29
HG01435	28
HG01437	28
HG01438	29
HG01439	28
HG01440	28
HG01441	28
HG01443	26
HG01444	27
HG01447	29
HG01455	27
HG01456	28
HG01457	25
HG01459	27
HG01461	28
HG01462	28
HG01463	26
HG01464	29
HG01465	26
HG01466	25
HG01468	27
HG01474	26
HG01479	28
HG01485	28
HG01486	27
HG01488	29
HG01489	26
HG01490	24
HG01491	40
HG01492	28
HG01493	25
HG01494	28
HG01495	26
HG01496	25
HG01497	27
HG01498	26
HG01499	24
HG01500	27
HG01501	28
HG01502	28
HG01503	46
HG01504	56
HG01505	26
HG01506	27
HG01507	27
HG01508	30
HG01509	25
HG01510	26
HG01511	29
HG01512	26
HG01513	25
HG01514	28
HG01515	26
HG01516	28
HG01517	28
HG01518	27
HG01519	27
HG01520	26
HG01521	26
HG01522	27
HG01523	29
HG01524	26
HG01525	29
HG01526	35
HG01527	28
HG01528	26
HG01529	27
HG01530	27
HG01531	27
HG01532	29
HG01536	28
HG01537	26
HG01538	30
HG01550	27
HG01551	27
HG01552	25
HG01556	26
HG01565	33
HG01566	29
HG01567	29
HG01571	29
HG01572	25
HG01573	26
HG01577	27
HG01578	29
HG01579	31
HG01583	30
HG01586	27
HG01589	27
HG01593	28
HG01595	28
HG01596	29
HG01597	29
HG01598	27
HG01599	29
HG01600	48
HG01601	29
HG01602	26
HG01603	27
HG01604	31
HG01605	27
HG01606	25
HG01607	27
HG01608	26
HG01609	31
HG01610	26
HG01611	30
HG01612	27
HG01613	27
HG01614	29
HG01615	31
HG01616	29
HG01617	26
HG01618	26
HG01619	28
HG01620	25
HG01621	29
HG01622	28
HG01623	26
HG01624	27
HG01625	26
HG01626	30
HG01627	30
HG01628	25
HG01629	30
HG01630	26
HG01631	26
HG01632	26
HG01633	31
HG01667	29
HG01668	27
HG01669	27
HG01670	26
HG01671	30
HG01672	27
HG01673	27
HG01674	30
HG01675	26
HG01676	27
HG01677	29
HG01678	25
HG01679	27
HG01680	26
HG01681	31
HG01682	27
HG01683	28
HG01684	26
HG01685	25
HG01686	26
HG01687	30
HG01694	27
HG01695	27
HG01696	30
HG01697	26
HG01698	28
HG01699	27
HG01700	26
HG01701	29
HG01702	26
HG01703	30
HG01704	27
HG01705	26
HG01706	31
HG01707	27
HG01708	27
HG01709	28
HG01710	29
HG01711	30
HG01746	27
HG01747	28
HG01748	28
HG01755	28
HG01756	28
HG01757	28
HG01761	27
HG01762	28
HG01763	29
HG01765	26
HG01766	28
HG01767	28
HG01768	28
HG01770	27
HG01771	30
HG01772	30
HG01773	28
HG01774	29
HG01775	30
HG01776	25
HG01777	28
HG01778	28
HG01779	29
HG01780	31
HG01781	32
HG01782	28
HG01783	27
HG01784	27
HG01785	32
HG01786	43
HG01789	26
HG01790	27
HG01791	24
HG01794	27
HG01795	33
HG01796	28
HG01797	27
HG01798	38
HG01799	24
HG01800	28
HG01801	28
HG01802	29
HG01804	26
HG01805	26
HG01806	28
HG01807	27
HG01808	28
HG01809	29
HG01810	26
HG01811	27
HG01812	27
HG01813	28
HG01815	26
HG01816	30
HG01817	28
HG01840	28
HG01841	28
HG01842	28
HG01843	28
HG01844	27
HG01845	27
HG01846	48
HG01847	29
HG01848	30
HG01849	29
HG01850	31
HG01851	28
HG01852	29
HG01853	28
HG01855	29
HG01857	28
HG01858	27
HG01859	27
HG01860	27
HG01861	29
HG01862	29
HG01863	28
HG01864	29
HG01865	29
HG01866	28
HG01867	28
HG01868	28
HG01869	26
HG01870	27
HG01871	28
HG01872	29
HG01873	28
HG01874	28
HG01878	29
HG01879	28
HG01880	25
HG01881	28
HG01882	28
HG01883	28
HG01884	29
HG01885	28
HG01886	27
HG01887	30
HG01888	28
HG01889	25
HG01890	27
HG01891	28
HG01892	27
HG01893	25
HG01894	35
HG01895	31
HG01896	27
HG01897	30
HG01898	29
HG01912	25
HG01914	25
HG01915	25
HG01916	27
HG01917	26
HG01918	27
HG01919	28
HG01920	27
HG01921	26
HG01922	28
HG01923	26
HG01924	27
HG01925	30
HG01926	28
HG01927	29
HG01928	30
HG01932	28
HG01933	28
HG01934	31
HG01935	30
HG01936	26
HG01937	27
HG01938	31
HG01939	29
HG01940	29
HG01941	30
HG01942	28
HG01943	28
HG01944	29
HG01945	28
HG01946	30
HG01947	26
HG01948	30
HG01949	27
HG01950	25
HG01951	25
HG01952	27
HG01953	28
HG01954	26
HG01955	30
HG01956	28
HG01958	28
HG01959	27
HG01960	30
HG01961	25
HG01965	26
HG01967	26
HG01968	29
HG01969	29
HG01970	27
HG01971	29
HG01972	29
HG01973	25
HG01974	25
HG01975	29
HG01976	27
HG01977	25
HG01978	31
HG01979	29
HG01980	24
HG01981	28
HG01982	29
HG01983	33
HG01984	29
HG01985	25
HG01986	25
HG01987	29
HG01988	26
HG01989	26
HG01990	26
HG01991	25
HG01992	25
HG01993	27
HG01997	25
HG01998	28
HG02002	28
HG02003	26
HG02004	27
HG02006	29
HG02008	25
HG02009	25
HG02010	25
HG02011	27
HG02012	33
HG02013	29
HG02014	26
HG02015	28
HG02016	25
HG02017	25
HG02018	32
HG02019	25
HG02020	26
HG02023	27
HG02024	27
HG02025	27
HG02026	24
HG02027	28
HG02028	25
HG02029	27
HG02030	28
HG02031	26
HG02032	27
HG02035	29
HG02040	28
HG02047	29
HG02048	27
HG02049	28
HG02050	31
HG02051	29
HG02052	26
HG02053	26
HG02054	25
HG02055	29
HG02056	28
HG02057	27
HG02058	30
HG02059	28
HG02060	27
HG02061	30
HG02064	26
HG02067	28
HG02068	27
HG02069	24
HG02070	26
HG02071	29
HG02072	28
HG02073	27
HG02074	35
HG02075	27
HG02076	28
HG02077	33
HG02078	25
HG02079	26
HG02080	28
HG02081	26
HG02082	25
HG02083	29
HG02084	25
HG02085	26
HG02086	25
HG02087	28
HG02088	29
HG02089	25
HG02090	27
HG02091	29
HG02095	28
HG02102	26
HG02104	30
HG02105	25
HG02106	35
HG02107	35
HG02108	28
HG02111	28
HG02113	27
HG02116	27
HG02120	29
HG02121	25
HG02122	28
HG02126	29
HG02127	28
HG02128	28
HG02129	29
HG02130	28
HG02131	27
HG02132	28
HG02133	28
HG02134	28
HG02135	29
HG02136	27
HG02137	28
HG02138	28
HG02139	28
HG02140	28
HG02141	28
HG02142	29
HG02143	36
HG02144	25
HG02145	28
HG02146	25
HG02147	28
HG02148	29
HG02150	28
HG02151	33
HG02152	27
HG02153	29
HG02154	28
HG02155	25
HG02156	28
HG02164	30
HG02165	28
HG02166	26
HG02178	27
HG02179	28
HG02180	28
HG02181	27
HG02182	29
HG02184	29
HG02185	27
HG02186	28
HG02187	26
HG02188	27
HG02190	28
HG02215	28
HG02219	30
HG02220	27
HG02221	27
HG02222	28
HG02223	27
HG02224	28
HG02225	27
HG02229	27
HG02230	29
HG02231	26
HG02232	28
HG02233	28
HG02234	27
HG02235	27
HG02236	28
HG02237	27
HG02238	28
HG02239	27
HG02240	28
HG02250	27
HG02252	30
HG02253	28
HG02255	28
HG02256	26
HG02257	28
HG02258	28
HG02259	28
HG02260	28
HG02261	27
HG02262	30
HG02265	26
HG02266	28
HG02271	28
HG02272	29
HG02273	27
HG02274	29
HG02275	27
HG02277	28
HG02278	27
HG02279	28
HG02280	30
HG02281	25
HG02282	28
HG02283	28
HG02284	27
HG02285	27
HG02286	26
HG02287	28
HG02291	27
HG02292	28
HG02293	27
HG02298	27
HG02299	27
HG02300	28
HG02301	27
HG02302	29
HG02303	28
HG02304	28
HG02307	28
HG02308	28
HG02309	26
HG02312	27
HG02314	28
HG02315	25
HG02316	26
HG02317	25
HG02318	25
HG02321	28
HG02322	25
HG02323	27
HG02325	28
HG02330	26
HG02332	28
HG02334	27
HG02337	28
HG02339	26
HG02343	26
HG02345	28
HG02348	25
HG02351	31
HG02353	26
HG02355	26
HG02356	27
HG02360	26
HG02364	28
HG02367	27
HG02371	27
HG02373	41
HG02374	30
HG02375	30
HG02379	26
HG02380	27
HG02382	26
HG02383	26
HG02384	25
HG02385	25
HG02386	26
HG02389	25
HG02390	25
HG02391	27
HG02392	27
HG02394	27
HG02395	27
HG02396	28
HG02397	26
HG02398	25
HG02399	27
HG02401	26
HG02402	25
HG02406	27
HG02407	27
HG02408	26
HG02409	27
HG02410	27
HG02419	25
HG02420	27
HG02425	27
HG02427	27
HG02429	28
HG02433	27
HG02439	28
HG02442	27
HG02445	30
HG02449	29
HG02450	28
HG02451	29
HG02455	29
HG02461	29
HG02462	29
HG02463	30
HG02464	26
HG02465	26
HG02466	31
HG02470	28
HG02471	29
HG02476	29
HG02477	28
HG02479	28
HG02481	27
HG02484	29
HG02485	27
HG02489	29
HG02490	30
HG02491	29
HG02492	29
HG02493	27
HG02494	20
HG02495	31
HG02496	27
HG02497	28
HG02501	27
HG02502	26
HG02505	26
HG02508	28
HG02511	31
HG02512	29
HG02513	28
HG02514	31
HG02521	28
HG02522	25
HG02523	28
HG02524	25
HG02525	25
HG02526	25
HG02536	30
HG02537	28
HG02541	28
HG02545	25
HG02546	28
HG02549	29
HG02554	32
HG02555	29
HG02557	27
HG02558	28
HG02561	30
HG02562	31
HG02563	28
HG02568	26
HG02569	30
HG02570	28
HG02571	27
HG02572	28
HG02573	32
HG02574	25
HG02575	36
HG02577	29
HG02580	27
HG02582	27
HG02583	34
HG02584	29
HG02585	24
HG02586	27
HG02587	28
HG02588	28
HG02589	37
HG02590	28
HG02594	26
HG02595	28
HG02596	28
HG02597	27
HG02600	29
HG02601	27
HG02602	30
HG02603	28
HG02604	27
HG02605	29
HG02610	26
HG02611	27
HG02612	29
HG02613	28
HG02614	26
HG02615	30
HG02620	27
HG02621	26
HG02622	30
HG02623	27
HG02624	35
HG02625	29
HG02628	27
HG02629	27
HG02630	30
HG02634	30
HG02635	28
HG02636	30
HG02642	28
HG02643	26
HG02644	31
HG02645	28
HG02646	27
HG02647	31
HG02648	27
HG02649	26
HG02650	30
HG02651	27
HG02652	27
HG02653	31
HG02654	28
HG02655	27
HG02656	31
HG02657	26
HG02658	27
HG02659	30
HG02660	28
HG02661	27
HG02662	29
HG02666	27
HG02667	27
HG02668	26
HG02675	27
HG02676	27
HG02677	29
HG02678	28
HG02679	28
HG02680	27
HG02681	27
HG02682	26
HG02683	25
HG02684	28
HG02685	27
HG02686	30
HG02687	28
HG02688	29
HG02689	29
HG02690	27
HG02691	30
HG02692	35
HG02694	27
HG02696	28
HG02697	27
HG02698	28
HG02699	27
HG02700	27
HG02701	28
HG02702	26
HG02703	25
HG02704	42
HG02715	29
HG02716	28
HG02717	29
HG02721	27
HG02722	27
HG02723	30
HG02724	22
HG02725	29
HG02726	27
HG02727	28
HG02728	32
HG02729	28
HG02731	26
HG02733	27
HG02734	26
HG02735	30
HG02736	28
HG02737	27
HG02738	34
HG02756	27
HG02757	34
HG02759	28
HG02760	25
HG02761	29
HG02762	28
HG02763	31
HG02764	28
HG02768	29
HG02769	29
HG02770	27
HG02771	27
HG02772	28
HG02773	28
HG02774	25
HG02775	25
HG02776	25
HG02778	26
HG02780	31
HG02783	52
HG02784	27
HG02785	28
HG02786	29
HG02787	30
HG02788	28
HG02789	24
HG02790	44
HG02791	28
HG02792	25
HG02793	28
HG02794	29
HG02798	29
HG02799	26
HG02800	30
HG02804	29
HG02805	26
HG02806	28
HG02807	34
HG02808	26
HG02809	27
HG02810	26
HG02811	27
HG02812	28
HG02813	25
HG02814	32
HG02815	28
HG02816	29
HG02817	26
HG02818	28
HG02819	28
HG02820	26
HG02821	27
HG02836	27
HG02837	26
HG02838	28
HG02839	28
HG02840	24
HG02841	27
HG02851	25
HG02852	25
HG02853	25
HG02854	29
HG02855	30
HG02856	27
HG02860	29
HG02861	27
HG02862	26
HG02869	28
HG02870	28
HG02871	27
HG02878	27
HG02879	27
HG02880	28
HG02881	26
HG02882	28
HG02883	28
HG02884	26
HG02885	35
HG02886	31
HG02887	26
HG02888	26
HG02889	28
HG02890	26
HG02891	28
HG02892	29
HG02895	30
HG02896	27
HG02897	27
HG02922	26
HG02923	27
HG02924	27
HG02938	31
HG02941	27
HG02943	27
HG02944	31
HG02945	28
HG02946	27
HG02947	26
HG02948	28
HG02952	26
HG02953	24
HG02954	27
HG02964	25
HG02965	28
HG02966	26
HG02968	27
HG02970	25
HG02971	27
HG02972	28
HG02973	26
HG02974	26
HG02975	28
HG02976	28
HG02977	25
HG02978	31
HG02979	28
HG02980	28
HG02981	27
HG02982	26
HG02983	27
HG02984	30
HG03006	29
HG03007	21
HG03008	28
HG03009	26
HG03012	26
HG03015	28
HG03016	28
HG03017	28
HG03018	28
HG03019	27
HG03021	27
HG03022	30
HG03024	25
HG03025	25
HG03026	27
HG03027	25
HG03028	24
HG03029	28
HG03033	28
HG03034	25
HG03035	24
HG03039	25
HG03040	25
HG03041	27
HG03045	28
HG03046	25
HG03047	26
HG03048	26
HG03049	25
HG03050	27
HG03052	27
HG03054	31
HG03055	28
HG03056	24
HG03057	24
HG03058	27
HG03060	28
HG03061	29
HG03063	27
HG03064	29
HG03065	27
HG03066	28
HG03069	32
HG03072	39
HG03073	30
HG03074	26
HG03077	26
HG03078	27
HG03079	25
HG03081	30
HG03082	29
HG03084	27
HG03085	24
HG03086	25
HG03088	28
HG03091	26
HG03095	24
HG03096	25
HG03097	28
HG03098	27
HG03099	29
HG03100	29
HG03101	28
HG03103	38
HG03105	27
HG03108	34
HG03109	29
HG03110	28
HG03111	28
HG03112	26
HG03113	25
HG03114	26
HG03115	24
HG03116	28
HG03117	31
HG03118	28
HG03119	25
HG03120	29
HG03121	29
HG03122	27
HG03123	27
HG03124	27
HG03125	28
HG03126	29
HG03127	24
HG03128	27
HG03129	26
HG03130	37
HG03131	26
HG03132	27
HG03133	31
HG03134	25
HG03135	27
HG03136	27
HG03137	27
HG03139	30
HG03157	29
HG03159	28
HG03160	25
HG03161	27
HG03162	26
HG03163	28
HG03164	28
HG03166	27
HG03168	29
HG03169	29
HG03170	27
HG03172	27
HG03175	28
HG03189	27
HG03190	25
HG03191	27
HG03193	28
HG03195	27
HG03196	26
HG03197	26
HG03198	27
HG03199	27
HG03200	26
HG03202	24
HG03209	27
HG03212	28
HG03224	27
HG03225	28
HG03228	25
HG03229	25
HG03230	26
HG03234	26
HG03235	31
HG03236	26
HG03237	28
HG03238	28
HG03239	26
HG03240	26
HG03241	28
HG03242	25
HG03246	27
HG03247	29
HG03248	28
HG03249	28
HG03250	28
HG03251	28
HG03258	30
HG03259	35
HG03260	28
HG03265	25
HG03267	29
HG03268	26
HG03269	26
HG03270	46
HG03271	28
HG03272	26
HG03279	30
HG03280	30
HG03291	26
HG03294	26
HG03295	27
HG03296	25
HG03297	26
HG03298	29
HG03299	28
HG03300	27
HG03301	27
HG03302	27
HG03303	27
HG03304	27
HG03305	28
HG03306	27
HG03307	28
HG03308	27
HG03309	25
HG03310	26
HG03311	29
HG03312	25
HG03313	27
HG03314	26
HG03342	29
HG03343	37
HG03344	27
HG03350	29
HG03351	31
HG03352	25
HG03354	26
HG03363	26
HG03366	31
HG03367	31
HG03368	26
HG03369	34
HG03370	27
HG03371	27
HG03372	34
HG03373	26
HG03374	25
HG03376	25
HG03378	27
HG03380	28
HG03382	25
HG03385	28
HG03388	28
HG03391	28
HG03394	28
HG03397	24
HG03401	24
HG03410	25
HG03419	27
HG03428	27
HG03432	29
HG03433	33
HG03436	29
HG03437	27
HG03438	27
HG03439	31
HG03442	27
HG03445	27
HG03446	26
HG03449	28
HG03451	27
HG03452	32
HG03453	27
HG03454	25
HG03455	27
HG03456	26
HG03457	35
HG03458	25
HG03460	28
HG03461	26
HG03464	26
HG03469	26
HG03470	29
HG03472	25
HG03473	24
HG03476	26
HG03478	30
HG03479	30
HG03480	27
HG03484	25
HG03485	26
HG03486	28
HG03487	26
HG03488	28
HG03489	26
HG03490	28
HG03491	27
HG03492	26
HG03499	34
HG03511	29
HG03514	26
HG03515	27
HG03516	25
HG03517	33
HG03518	27
HG03519	29
HG03520	27
HG03521	29
HG03522	28
HG03538	27
HG03539	26
HG03540	30
HG03547	27
HG03548	27
HG03556	28
HG03557	31
HG03558	27
HG03559	27
HG03563	27
HG03565	29
HG03567	27
HG03571	31
HG03572	25
HG03574	27
HG03575	28
HG03576	23
HG03577	26
HG03578	27
HG03579	27
HG03582	27
HG03583	27
HG03584	27
HG03585	28
HG03589	26
HG03593	27
HG03594	26
HG03595	32
HG03596	27
HG03598	23
HG03600	25
HG03603	34
HG03604	28
HG03605	24
HG03606	29
HG03607	26
HG03611	3
HG03615	30
HG03616	28
HG03617	27
HG03618	27
HG03619	25
HG03620	27
HG03624	27
HG03625	33
HG03626	27
HG03629	27
HG03631	26
HG03633	28
HG03634	28
HG03635	26
HG03636	26
HG03639	29
HG03640	25
HG03641	25
HG03642	28
HG03643	28
HG03644	24
HG03645	26
HG03646	25
HG03649	28
HG03650	25
HG03651	26
HG03652	30
HG03653	26
HG03654	27
HG03660	31
HG03663	28
HG03667	29
HG03668	27
HG03669	28
HG03672	45
HG03673	27
HG03679	27
HG03680	25
HG03681	25
HG03682	25
HG03683	28
HG03684	28
HG03685	26
HG03686	27
HG03687	24
HG03688	28
HG03689	30
HG03690	27
HG03691	30
HG03692	27
HG03693	28
HG03694	27
HG03695	27
HG03696	29
HG03697	27
HG03698	28
HG03699	29
HG03700	27
HG03701	28
HG03702	29
HG03703	25
HG03704	27
HG03705	28
HG03706	26
HG03707	27
HG03708	34
HG03709	27
HG03710	29
HG03711	27
HG03713	28
HG03714	29
HG03716	26
HG03717	29
HG03718	25
HG03719	28
HG03720	27
HG03721	27
HG03722	28
HG03725	28
HG03727	29
HG03729	28
HG03730	26
HG03731	26
HG03732	27
HG03733	31
HG03736	24
HG03738	28
HG03740	27
HG03741	29
HG03742	29
HG03743	28
HG03744	28
HG03745	25
HG03746	28
HG03750	29
HG03752	28
HG03753	27
HG03754	28
HG03755	24
HG03756	27
HG03757	24
HG03760	28
HG03761	28
HG03762	26
HG03763	27
HG03765	28
HG03767	25
HG03770	27
HG03771	27
HG03772	27
HG03773	35
HG03774	28
HG03775	28
HG03777	28
HG03778	33
HG03779	28
HG03780	26
HG03781	27
HG03782	25
HG03784	28
HG03785	26
HG03786	29
HG03787	27
HG03788	28
HG03789	28
HG03790	28
HG03792	28
HG03793	25
HG03794	28
HG03795	28
HG03796	26
HG03797	28
HG03798	28
HG03799	27
HG03800	27
HG03801	27
HG03802	29
HG03803	24
HG03804	26
HG03805	30
HG03806	30
HG03807	25
HG03808	27
HG03809	29
HG03812	26
HG03814	25
HG03815	31
HG03816	25
HG03817	29
HG03821	27
HG03823	27
HG03824	25
HG03825	27
HG03826	25
HG03829	27
HG03830	25
HG03831	27
HG03832	25
HG03833	28
HG03834	27
HG03836	28
HG03837	28
HG03838	28
HG03844	26
HG03846	27
HG03848	27
HG03849	28
HG03850	28
HG03851	28
HG03854	29
HG03856	24
HG03857	26
HG03858	26
HG03861	26
HG03862	27
HG03863	26
HG03864	30
HG03866	27
HG03867	27
HG03868	30
HG03869	28
HG03870	24
HG03871	29
HG03872	28
HG03873	27
HG03874	29
HG03875	33
HG03882	26
HG03884	26
HG03885	27
HG03886	25
HG03887	26
HG03888	27
HG03890	29
HG03894	27
HG03895	26
HG03896	26
HG03897	31
HG03898	31
HG03899	28
HG03900	27
HG03902	35
HG03904	27
HG03905	26
HG03906	27
HG03907	28
HG03908	33
HG03909	26
HG03910	28
HG03911	28
HG03913	28
HG03914	25
HG03915	25
HG03916	28
HG03917	31
HG03919	31
HG03920	25
HG03922	31
HG03925	32
HG03926	25
HG03927	26
HG03928	25
HG03929	26
HG03930	26
HG03931	27
HG03934	27
HG03937	24
HG03940	26
HG03941	27
HG03942	27
HG03943	24
HG03944	27
HG03945	28
HG03947	29
HG03949	28
HG03950	27
HG03951	24
HG03953	23
HG03955	27
HG03960	25
HG03963	33
HG03965	31
HG03967	28
HG03968	30
HG03969	29
HG03971	26
HG03973	27
HG03974	27
HG03976	27
HG03977	25
HG03978	27
HG03985	28
HG03986	26
HG03989	30
HG03990	30
HG03991	32
HG03992	28
HG03995	34
HG03998	27
HG03999	29
HG04001	32
HG04002	29
HG04003	35
HG04006	31
HG04014	30
HG04015	26
HG04017	30
HG04018	27
HG04019	29
HG04020	30
HG04022	28
HG04023	29
HG04025	30
HG04026	27
HG04029	28
HG04033	31
HG04035	24
HG04036	26
HG04038	26
HG04039	32
HG04042	28
HG04047	29
HG04054	31
HG04056	26
HG04059	27
HG04060	36
HG04061	33
HG04062	28
HG04063	27
HG04070	27
HG04075	30
HG04076	28
HG04080	31
HG04090	30
HG04093	27
HG04094	26
HG04096	26
HG04098	28
HG04099	27
HG04100	36
HG04106	33
HG04107	26
HG04115	27
HG04118	27
HG04122	28
HG04127	29
HG04131	30
HG04132	27
HG04133	27
HG04134	28
HG04135	26
HG04136	28
HG04140	30
HG04141	35
HG04142	26
HG04144	29
HG04146	27
HG04147	27
HG04148	28
HG04149	28
HG04150	25
HG04151	27
HG04152	32
HG04153	38
HG04155	28
HG04156	29
HG04157	28
HG04158	27
HG04159	30
HG04160	27
HG04161	28
HG04162	25
HG04164	34
HG04171	29
HG04173	28
HG04174	28
HG04175	27
HG04176	24
HG04177	28
HG04180	30
HG04182	27
HG04183	37
HG04184	26
HG04185	25
HG04186	29
HG04187	28
HG04188	28
HG04189	30
HG04191	27
HG04192	26
HG04193	26
HG04194	28
HG04195	27
HG04198	35
HG04199	27
HG04200	29
HG04202	25
HG04204	28
HG04206	31
HG04209	26
HG04210	30
HG04211	26
HG04212	33
HG04214	31
HG04215	28
HG04216	31
HG04217	26
HG04219	28
HG04222	34
HG04225	34
HG04227	28
HG04228	28
HG04229	24
HG04235	30
HG04238	27
HG04239	25
HGDP00001	24
HGDP00003	31
HGDP00005	24
HGDP00007	34
HGDP00009	24
HGDP00011	29
HGDP00013	25
HGDP00015	32
HGDP00017	32
HGDP00019	46
HGDP00021	21
HGDP00023	28
HGDP00025	28
HGDP00027	50
HGDP00029	29
HGDP00031	28
HGDP00033	29
HGDP00035	26
HGDP00037	30
HGDP00039	25
HGDP00041	29
HGDP00043	30
HGDP00045	29
HGDP00047	32
HGDP00049	34
HGDP00052	26
HGDP00054	31
HGDP00056	24
HGDP00057	24
HGDP00058	4
HGDP00060	26
HGDP00062	23
HGDP00064	28
HGDP00066	29
HGDP00068	33
HGDP00070	28
HGDP00072	27
HGDP00074	26
HGDP00076	31
HGDP00078	24
HGDP00080	30
HGDP00082	32
HGDP00086	29
HGDP00088	25
HGDP00090	4
HGDP00092	29
HGDP00094	27
HGDP00096	24
HGDP00098	27
HGDP00099	31
HGDP00100	28
HGDP00102	30
HGDP00103	26
HGDP00104	24
HGDP00105	26
HGDP00106	28
HGDP00108	30
HGDP00109	27
HGDP00110	31
HGDP00115	32
HGDP00118	26
HGDP00119	27
HGDP00120	30
HGDP00121	29
HGDP00122	27
HGDP00124	4
HGDP00125	4
HGDP00127	27
HGDP00129	31
HGDP00130	25
HGDP00131	32
HGDP00133	29
HGDP00134	26
HGDP00135	22
HGDP00136	24
HGDP00137	28
HGDP00139	28
HGDP00140	26
HGDP00141	28
HGDP00143	26
HGDP00144	29
HGDP00145	27
HGDP00146	26
HGDP00148	27
HGDP00149	27
HGDP00150	26
HGDP00151	27
HGDP00153	42
HGDP00154	28
HGDP00155	29
HGDP00157	52
HGDP00158	30
HGDP00160	56
HGDP00161	30
HGDP00163	27
HGDP00165	27
HGDP00167	27
HGDP00169	25
HGDP00171	30
HGDP00173	25
HGDP00175	27
HGDP00177	28
HGDP00179	31
HGDP00181	29
HGDP00183	31
HGDP00185	26
HGDP00187	34
HGDP00189	23
HGDP00191	29
HGDP00192	30
HGDP00195	50
HGDP00197	26
HGDP00199	26
HGDP00201	29
HGDP00205	27
HGDP00206	29
HGDP00208	52
HGDP00210	37
HGDP00213	28
HGDP00214	27
HGDP00216	52
HGDP00218	27
HGDP00222	28
HGDP00224	28
HGDP00226	29
HGDP00228	28
HGDP00230	30
HGDP00232	56
HGDP00234	25
HGDP00237	32
HGDP00239	29
HGDP00241	28
HGDP00243	28
HGDP00244	30
HGDP00247	26
HGDP00248	28
HGDP00251	3
HGDP00254	28
HGDP00258	26
HGDP00259	30
HGDP00262	31
HGDP00264	32
HGDP00274	29
HGDP00277	28
HGDP00279	26
HGDP00281	27
HGDP00285	29
HGDP00286	44
HGDP00288	22
HGDP00290	34
HGDP00298	33
HGDP00302	30
HGDP00304	24
HGDP00307	29
HGDP00309	28
HGDP00311	31
HGDP00313	28
HGDP00315	34
HGDP00319	24
HGDP00321	24
HGDP00323	40
HGDP00326	27
HGDP00328	50
HGDP00330	25
HGDP00333	28
HGDP00338	52
HGDP00341	27
HGDP00346	25
HGDP00351	27
HGDP00356	26
HGDP00359	25
HGDP00364	29
HGDP00371	29
HGDP00372	27
HGDP00376	28
HGDP00382	26
HGDP00388	35
HGDP00392	27
HGDP00397	31
HGDP00402	32
HGDP00407	31
HGDP00412	30
HGDP00417	36
HGDP00423	28
HGDP00428	54
HGDP00433	31
HGDP00438	28
HGDP00444	32
HGDP00445	32
HGDP00449	48
HGDP00450	27
HGDP00452	23
HGDP00453	26
HGDP00454	30
HGDP00455	32
HGDP00457	58
HGDP00458	26
HGDP00459	26
HGDP00460	35
HGDP00461	58
HGDP00462	28
HGDP00463	27
HGDP00464	27
HGDP00465	26
HGDP00466	26
HGDP00467	30
HGDP00468	27
HGDP00469	28
HGDP00470	23
HGDP00471	26
HGDP00472	28
HGDP00473	26
HGDP00474	27
HGDP00475	26
HGDP00476	46
HGDP00478	29
HGDP00479	26
HGDP00490	26
HGDP00491	29
HGDP00511	27
HGDP00512	26
HGDP00513	29
HGDP00514	26
HGDP00515	28
HGDP00516	26
HGDP00517	31
HGDP00518	28
HGDP00519	20
HGDP00520	30
HGDP00522	26
HGDP00523	27
HGDP00524	28
HGDP00525	29
HGDP00526	50
HGDP00527	26
HGDP00528	32
HGDP00529	26
HGDP00530	56
HGDP00531	28
HGDP00533	29
HGDP00534	32
HGDP00535	26
HGDP00536	32
HGDP00537	28
HGDP00538	26
HGDP00539	30
HGDP00540	29
HGDP00541	24
HGDP00542	3
HGDP00543	25
HGDP00544	25
HGDP00545	24
HGDP00546	3
HGDP00547	26
HGDP00548	32
HGDP00549	3
HGDP00550	22
HGDP00551	3
HGDP00552	27
HGDP00553	3
HGDP00554	22
HGDP00555	24
HGDP00556	3
HGDP00557	31
HGDP00558	28
HGDP00559	27
HGDP00560	33
HGDP00561	22
HGDP00562	24
HGDP00563	32
HGDP00564	26
HGDP00565	26
HGDP00566	30
HGDP00567	30
HGDP00568	25
HGDP00569	32
HGDP00571	27
HGDP00572	27
HGDP00573	28
HGDP00574	31
HGDP00575	29
HGDP00576	21
HGDP00577	30
HGDP00578	29
HGDP00579	21
HGDP00580	27
HGDP00581	26
HGDP00582	28
HGDP00583	26
HGDP00584	28
HGDP00586	32
HGDP00587	28
HGDP00588	28
HGDP00590	23
HGDP00591	33
HGDP00594	27
HGDP00595	33
HGDP00597	60
HGDP00598	34
HGDP00599	33
HGDP00600	31
HGDP00601	29
HGDP00602	29
HGDP00604	28
HGDP00606	29
HGDP00607	27
HGDP00608	22
HGDP00609	27
HGDP00610	28
HGDP00611	35
HGDP00612	28
HGDP00613	27
HGDP00614	31
HGDP00615	21
HGDP00616	58
HGDP00618	29
HGDP00619	29
HGDP00620	33
HGDP00621	29
HGDP00622	26
HGDP00623	30
HGDP00624	30
HGDP00625	32
HGDP00626	32
HGDP00627	30
HGDP00628	30
HGDP00629	33
HGDP00630	40
HGDP00631	29
HGDP00632	26
HGDP00634	25
HGDP00635	27
HGDP00636	31
HGDP00637	29
HGDP00638	28
HGDP00639	25
HGDP00640	30
HGDP00641	28
HGDP00642	21
HGDP00643	29
HGDP00644	26
HGDP00645	28
HGDP00646	28
HGDP00647	27
HGDP00648	26
HGDP00649	29
HGDP00650	54
HGDP00651	25
HGDP00653	27
HGDP00654	32
HGDP00655	28
HGDP00656	50
HGDP00660	52
HGDP00661	39
HGDP00662	29
HGDP00663	30
HGDP00664	30
HGDP00666	26
HGDP00667	28
HGDP00668	23
HGDP00669	26
HGDP00670	36
HGDP00671	29
HGDP00672	26
HGDP00673	29
HGDP00674	28
HGDP00675	33
HGDP00676	33
HGDP00677	30
HGDP00678	29
HGDP00679	27
HGDP00680	27
HGDP00682	28
HGDP00683	26
HGDP00684	30
HGDP00685	29
HGDP00686	28
HGDP00687	27
HGDP00688	29
HGDP00689	28
HGDP00690	27
HGDP00691	28
HGDP00692	48
HGDP00693	29
HGDP00694	28
HGDP00696	30
HGDP00697	31
HGDP00698	29
HGDP00699	28
HGDP00700	30
HGDP00701	27
HGDP00702	52
HGDP00703	25
HGDP00704	31
HGDP00706	52
HGDP00708	29
HGDP00710	28
HGDP00711	28
HGDP00712	27
HGDP00713	50
HGDP00714	28
HGDP00715	27
HGDP00716	32
HGDP00717	56
HGDP00719	30
HGDP00720	27
HGDP00721	30
HGDP00722	30
HGDP00723	24
HGDP00724	23
HGDP00725	54
HGDP00726	27
HGDP00727	26
HGDP00729	31
HGDP00730	31
HGDP00731	26
HGDP00732	31
HGDP00733	30
HGDP00734	29
HGDP00735	27
HGDP00736	32
HGDP00737	50
HGDP00738	26
HGDP00739	28
HGDP00740	29
HGDP00741	30
HGDP00744	26
HGDP00745	28
HGDP00746	28
HGDP00747	25
HGDP00748	30
HGDP00749	3
HGDP00750	27
HGDP00751	30
HGDP00752	31
HGDP00753	28
HGDP00754	26
HGDP00755	30
HGDP00756	28
HGDP00757	30
HGDP00758	26
HGDP00759	34
HGDP00760	25
HGDP00761	29
HGDP00762	29
HGDP00763	29
HGDP00764	27
HGDP00765	29
HGDP00766	27
HGDP00767	28
HGDP00768	29
HGDP00769	36
HGDP00771	29
HGDP00772	26
HGDP00773	54
HGDP00774	34
HGDP00775	24
HGDP00776	29
HGDP00777	28
HGDP00779	28
HGDP00780	31
HGDP00781	31
HGDP00782	28
HGDP00783	4
HGDP00784	27
HGDP00785	54
HGDP00786	29
HGDP00787	34
HGDP00788	29
HGDP00790	33
HGDP00791	28
HGDP00794	28
HGDP00795	26
HGDP00796	52
HGDP00797	25
HGDP00798	52
HGDP00799	27
HGDP00800	27
HGDP00802	29
HGDP00803	25
HGDP00804	31
HGDP00805	24
HGDP00806	26
HGDP00807	3
HGDP00808	27
HGDP00810	28
HGDP00811	28
HGDP00812	31
HGDP00813	27
HGDP00814	30
HGDP00815	30
HGDP00817	30
HGDP00818	28
HGDP00819	32
HGDP00820	27
HGDP00821	31
HGDP00822	3
HGDP00823	27
HGDP00828	33
HGDP00832	30
HGDP00837	30
HGDP00838	33
HGDP00843	30
HGDP00845	31
HGDP00846	54
HGDP00849	29
HGDP00852	46
HGDP00854	31
HGDP00855	48
HGDP00856	26
HGDP00857	58
HGDP00858	29
HGDP00859	34
HGDP00860	33
HGDP00861	31
HGDP00862	32
HGDP00863	31
HGDP00864	27
HGDP00865	31
HGDP00868	28
HGDP00869	30
HGDP00870	32
HGDP00871	29
HGDP00872	32
HGDP00873	34
HGDP00875	26
HGDP00876	30
HGDP00877	27
HGDP00879	30
HGDP00880	28
HGDP00881	27
HGDP00882	26
HGDP00883	27
HGDP00884	25
HGDP00885	27
HGDP00886	33
HGDP00887	4
HGDP00888	31
HGDP00889	29
HGDP00890	31
HGDP00891	30
HGDP00892	30
HGDP00893	30
HGDP00894	29
HGDP00895	26
HGDP00896	30
HGDP00897	30
HGDP00898	30
HGDP00899	29
HGDP00900	33
HGDP00901	31
HGDP00902	28
HGDP00903	50
HGDP00904	29
HGDP00905	26
HGDP00906	32
HGDP00907	26
HGDP00908	26
HGDP00909	36
HGDP00910	25
HGDP00911	26
HGDP00912	31
HGDP00913	26
HGDP00914	27
HGDP00915	50
HGDP00916	26
HGDP00917	29
HGDP00918	27
HGDP00919	27
HGDP00920	22
HGDP00924	22
HGDP00925	22
HGDP00926	22
HGDP00928	44
HGDP00929	26
HGDP00930	3
HGDP00931	27
HGDP00932	42
HGDP00933	26
HGDP00934	27
HGDP00935	28
HGDP00936	27
HGDP00937	28
HGDP00938	23
HGDP00939	25
HGDP00940	28
HGDP00941	29
HGDP00942	27
HGDP00943	28
HGDP00944	28
HGDP00945	28
HGDP00946	32
HGDP00947	28
HGDP00948	27
HGDP00949	28
HGDP00950	24
HGDP00951	31
HGDP00952	28
HGDP00953	27
HGDP00954	31
HGDP00955	28
HGDP00956	23
HGDP00957	34
HGDP00958	42
HGDP00959	26
HGDP00960	25
HGDP00961	28
HGDP00962	29
HGDP00963	29
HGDP00964	27
HGDP00965	27
HGDP00966	29
HGDP00967	29
HGDP00968	21
HGDP00969	29
HGDP00970	29
HGDP00971	29
HGDP00972	27
HGDP00973	32
HGDP00974	31
HGDP00975	30
HGDP00976	26
HGDP00977	31
HGDP00981	24
HGDP00982	25
HGDP00983	28
HGDP00984	30
HGDP00985	24
HGDP00986	25
HGDP00987	4
HGDP00991	30
HGDP00992	28
HGDP00993	27
HGDP00994	25
HGDP00995	37
HGDP00999	30
HGDP01001	27
HGDP01006	33
HGDP01009	30
HGDP01010	32
HGDP01012	60
HGDP01013	31
HGDP01014	31
HGDP01015	24
HGDP01018	50
HGDP01019	31
HGDP01021	28
HGDP01023	31
HGDP01024	26
HGDP01027	36
HGDP01028	29
HGDP01029	3
HGDP01030	27
HGDP01031	26
HGDP01032	4
HGDP01033	3
HGDP01034	25
HGDP01035	54
HGDP01036	26
HGDP01037	26
HGDP01041	26
HGDP01043	22
HGDP01044	4
HGDP01047	58
HGDP01050	27
HGDP01051	31
HGDP01053	29
HGDP01055	29
HGDP01056	29
HGDP01057	33
HGDP01058	32
HGDP01059	31
HGDP01060	3
HGDP01062	29
HGDP01063	27
HGDP01064	27
HGDP01065	28
HGDP01066	26
HGDP01067	29
HGDP01068	33
HGDP01069	28
HGDP01070	33
HGDP01071	38
HGDP01072	39
HGDP01073	32
HGDP01074	27
HGDP01075	30
HGDP01076	26
HGDP01077	29
HGDP01078	44
HGDP01079	46
HGDP01081	3
HGDP01086	29
HGDP01087	26
HGDP01090	24
HGDP01092	28
HGDP01094	28
HGDP01095	33
HGDP01096	26
HGDP01097	27
HGDP01098	4
HGDP01099	28
HGDP01100	32
HGDP01101	32
HGDP01102	30
HGDP01103	34
HGDP01104	32
HGDP01149	29
HGDP01151	29
HGDP01152	24
HGDP01153	4
HGDP01155	28
HGDP01156	27
HGDP01157	29
HGDP01161	24
HGDP01162	45
HGDP01163	4
HGDP01164	26
HGDP01166	30
HGDP01167	28
HGDP01168	48
HGDP01169	31
HGDP01171	25
HGDP01172	51
HGDP01173	26
HGDP01174	29
HGDP01177	29
HGDP01179	25
HGDP01180	29
HGDP01181	28
HGDP01182	32
HGDP01183	30
HGDP01184	24
HGDP01185	31
HGDP01186	26
HGDP01187	29
HGDP01188	24
HGDP01189	25
HGDP01190	27
HGDP01191	4
HGDP01192	25
HGDP01193	31
HGDP01194	30
HGDP01195	29
HGDP01196	31
HGDP01197	27
HGDP01198	4
HGDP01199	44
HGDP01200	28
HGDP01201	25
HGDP01202	27
HGDP01203	52
HGDP01204	32
HGDP01205	28
HGDP01206	32
HGDP01207	27
HGDP01208	29
HGDP01209	47
HGDP01211	50
HGDP01212	29
HGDP01213	26
HGDP01214	27
HGDP01215	30
HGDP01216	26
HGDP01217	32
HGDP01218	27
HGDP01219	30
HGDP01220	26
HGDP01221	32
HGDP01222	27
HGDP01223	58
HGDP01224	24
HGDP01225	26
HGDP01226	24
HGDP01227	33
HGDP01228	4
HGDP01229	31
HGDP01230	31
HGDP01231	28
HGDP01232	30
HGDP01233	30
HGDP01234	33
HGDP01236	29
HGDP01237	34
HGDP01238	28
HGDP01239	29
HGDP01240	56
HGDP01241	28
HGDP01242	52
HGDP01243	26
HGDP01244	22
HGDP01245	23
HGDP01246	34
HGDP01247	30
HGDP01248	35
HGDP01249	29
HGDP01250	4
HGDP01251	32
HGDP01253	50
HGDP01254	31
HGDP01255	25
HGDP01256	22
HGDP01257	23
HGDP01258	26
HGDP01259	30
HGDP01260	27
HGDP01261	29
HGDP01262	29
HGDP01263	33
HGDP01264	27
HGDP01265	27
HGDP01266	30
HGDP01267	31
HGDP01268	28
HGDP01269	26
HGDP01270	27
HGDP01271	37
HGDP01272	27
HGDP01273	27
HGDP01274	52
HGDP01275	34
HGDP01276	35
HGDP01277	33
HGDP01279	30
HGDP01280	33
HGDP01282	34
HGDP01283	27
HGDP01285	27
HGDP01286	25
HGDP01287	29
HGDP01288	31
HGDP01289	29
HGDP01290	28
HGDP01291	36
HGDP01292	28
HGDP01293	30
HGDP01294	31
HGDP01295	31
HGDP01296	28
HGDP01297	34
HGDP01298	26
HGDP01299	26
HGDP01300	27
HGDP01301	27
HGDP01302	30
HGDP01303	26
HGDP01304	28
HGDP01305	29
HGDP01306	4
HGDP01308	25
HGDP01309	26
HGDP01310	30
HGDP01311	27
HGDP01312	26
HGDP01313	29
HGDP01314	32
HGDP01315	48
HGDP01316	36
HGDP01317	29
HGDP01318	29
HGDP01319	32
HGDP01320	38
HGDP01321	30
HGDP01322	32
HGDP01323	50
HGDP01326	31
HGDP01327	30
HGDP01328	31
HGDP01329	46
HGDP01330	28
HGDP01331	27
HGDP01332	30
HGDP01333	31
HGDP01334	31
HGDP01335	30
HGDP01336	32
HGDP01337	30
HGDP01338	28
HGDP01339	26
HGDP01340	27
HGDP01341	30
HGDP01342	30
HGDP01344	52
HGDP01345	56
HGDP01346	32
HGDP01347	28
HGDP01348	32
HGDP01349	30
HGDP01350	33
HGDP01351	30
HGDP01352	31
HGDP01353	34
HGDP01354	32
HGDP01355	48
HGDP01356	29
HGDP01357	27
HGDP01358	29
HGDP01359	31
HGDP01360	29
HGDP01361	28
HGDP01362	27
HGDP01363	27
HGDP01364	56
HGDP01365	50
HGDP01366	29
HGDP01367	23
HGDP01368	29
HGDP01369	27
HGDP01370	29
HGDP01371	26
HGDP01372	29
HGDP01373	22
HGDP01374	23
HGDP01375	29
HGDP01376	28
HGDP01377	28
HGDP01378	26
HGDP01379	26
HGDP01380	28
HGDP01381	27
HGDP01382	27
HGDP01383	25
HGDP01384	25
HGDP01385	26
HGDP01386	26
HGDP01387	28
HGDP01388	21
HGDP01396	23
HGDP01397	28
HGDP01398	28
HGDP01399	28
HGDP01400	26
HGDP01401	44
HGDP01402	56
HGDP01403	27
HGDP01404	25
HGDP01405	26
HGDP01406	26
HGDP01408	26
HGDP01411	27
HGDP01412	26
HGDP01413	28
HGDP01414	48
HGDP01415	22
HGDP01416	24
HGDP01417	32
HGDP01418	23
HGDP01419	22
I1	33
I3	34
IHW9118	29
IHW9193	28
Igor20	25
Igor21	29
IraqiJew1771	26
IraqiJew4291	29
Jordan214	58
Jordan445	15
Jordan603	24
K1	34
K4	34
KD4	32
Kayseri23827	30
Kayseri24424	29
Kor82	31
Kusunda02	24
Kusunda15	26
M4	30
Mansi41	30
Mansi79	25
NA00726	33
NA06984	28
NA06985	29
NA06986	27
NA06989	24
NA06991	25
NA06993	28
NA06994	25
NA06995	27
NA06997	27
NA07000	30
NA07014	28
NA07019	27
NA07022	27
NA07029	28
NA07031	27
NA07034	26
NA07037	29
NA07045	29
NA07048	27
NA07051	27
NA07055	25
NA07056	26
NA07345	25
NA07346	28
NA07347	27
NA07348	27
NA07349	25
NA07357	25
NA07435	29
NA10830	25
NA10831	29
NA10835	25
NA10836	27
NA10837	28
NA10838	27
NA10839	29
NA10840	24
NA10842	27
NA10843	28
NA10845	28
NA10846	28
NA10847	27
NA10851	28
NA10852	28
NA10854	29
NA10855	27
NA10856	27
NA10857	30
NA10859	28
NA10860	28
NA10861	27
NA10863	26
NA10864	27
NA10865	29
NA11200	27
NA11201	27
NA11829	31
NA11830	28
NA11831	29
NA11832	27
NA11839	27
NA11840	28
NA11843	24
NA11881	28
NA11882	27
NA11891	27
NA11892	28
NA11893	28
NA11894	28
NA11917	28
NA11918	25
NA11919	26
NA11920	27
NA11930	25
NA11931	28
NA11932	27
NA11933	27
NA11992	26
NA11993	27
NA11994	29
NA11995	25
NA12003	31
NA12004	28
NA12005	26
NA12006	28
NA12043	32
NA12044	29
NA12045	28
NA12046	26
NA12056	26
NA12057	29
NA12058	28
NA12144	26
NA12145	26
NA12146	28
NA12154	27
NA12155	27
NA12156	31
NA12234	27
NA12236	27
NA12239	26
NA12248	27
NA12249	30
NA12264	28
NA12272	29
NA12273	28
NA12274	26
NA12275	24
NA12282	29
NA12283	34
NA12286	28
NA12287	29
NA12329	27
NA12335	28
NA12336	29
NA12340	28
NA12341	30
NA12342	32
NA12343	27
NA12344	26
NA12347	29
NA12348	26
NA12376	27
NA12383	27
NA12386	27
NA12399	34
NA12400	33
NA12413	24
NA12414	27
NA12485	26
NA12489	28
NA12546	26
NA12707	29
NA12716	29
NA12717	28
NA12718	28
NA12739	26
NA12740	27
NA12748	28
NA12749	25
NA12750	30
NA12751	32
NA12752	26
NA12753	22
NA12760	29
NA12761	28
NA12762	29
NA12763	28
NA12766	29
NA12767	27
NA12775	27
NA12776	27
NA12777	28
NA12778	25
NA12801	27
NA12802	27
NA12812	30
NA12813	47
NA12814	27
NA12815	29
NA12817	29
NA12818	27
NA12827	40
NA12828	27
NA12829	23
NA12830	25
NA12832	26
NA12842	27
NA12843	25
NA12864	27
NA12865	26
NA12872	35
NA12873	33
NA12874	29
NA12875	26
NA12877	28
NA12878	28
NA12889	33
NA12890	26
NA12891	28
NA12892	28
NA13604	46
NA13607	46
NA13616	30
NA15202	54
NA15203	52
NA15728	32
NA15761	48
NA15763	31
NA17374	30
NA17377	24
NA17385	25
NA17386	21
NA18484	27
NA18485	28
NA18486	26
NA18487	27
NA18488	26
NA18489	49
NA18497	28
NA18498	25
NA18499	28
NA18500	25
NA18501	24
NA18502	25
NA18503	28
NA18504	25
NA18505	30
NA18506	27
NA18507	28
NA18508	39
NA18510	25
NA18511	34
NA18515	27
NA18516	28
NA18517	28
NA18518	35
NA18519	24
NA18520	26
NA18521	24
NA18522	26
NA18523	28
NA18525	27
NA18526	29
NA18528	26
NA18530	28
NA18531	26
NA18532	26
NA18533	26
NA18534	26
NA18535	26
NA18536	25
NA18537	27
NA18538	35
NA18539	30
NA18541	29
NA18542	27
NA18543	28
NA18544	27
NA18545	29
NA18546	27
NA18547	33
NA18548	28
NA18549	27
NA18550	26
NA18552	27
NA18553	28
NA18555	28
NA18557	27
NA18558	25
NA18559	30
NA18560	26
NA18561	25
NA18562	31
NA18563	29
NA18564	28
NA18565	43
NA18566	26
NA18567	29
NA18570	26
NA18571	28
NA18572	40
NA18573	27
NA18574	27
NA18577	28
NA18579	27
NA18582	29
NA18591	36
NA18592	29
NA18593	29
NA18595	27
NA18596	25
NA18597	25
NA18599	30
NA18602	25
NA18603	29
NA18605	27
NA18606	35
NA18608	27
NA18609	29
NA18610	26
NA18611	29
NA18612	39
NA18613	28
NA18614	25
NA18615	28
NA18616	27
NA18617	27
NA18618	29
NA18619	27
NA18620	30
NA18621	26
NA18622	29
NA18623	28
NA18624	26
NA18625	29
NA18626	30
NA18627	26
NA18628	26
NA18629	34
NA18630	37
NA18631	27
NA18632	28
NA18633	34
NA18634	25
NA18635	29
NA18636	30
NA18637	28
NA18638	3
NA18639	26
NA18640	27
NA18641	28
NA18642	28
NA18643	30
NA18644	35
NA18645	27
NA18646	24
NA18647	28
NA18648	29
NA18740	27
NA18745	27
NA18747	28
NA18748	31
NA18749	26
NA18757	25
NA18852	29
NA18853	28
NA18854	29
NA18855	28
NA18856	27
NA18857	28
NA18858	29
NA18859	26
NA18860	23
NA18861	26
NA18862	28
NA18863	28
NA18864	25
NA18865	28
NA18867	27
NA18868	27
NA18869	27
NA18870	29
NA18871	37
NA18872	29
NA18873	27
NA18874	25
NA18875	27
NA18876	27
NA18877	28
NA18878	30
NA18879	34
NA18881	46
NA18906	26
NA18907	27
NA18908	28
NA18909	27
NA18910	28
NA18911	23
NA18912	28
NA18913	25
NA18914	28
NA18915	32
NA18916	29
NA18917	28
NA18923	28
NA18924	27
NA18925	27
NA18930	27
NA18933	25
NA18934	25
NA18935	27
NA18939	26
NA18940	30
NA18941	27
NA18942	29
NA18943	28
NA18944	25
NA18945	29
NA18946	24
NA18947	27
NA18948	27
NA18949	27
NA18950	27
NA18951	29
NA18952	29
NA18953	27
NA18954	29
NA18956	26
NA18957	25
NA18959	37
NA18960	29
NA18961	27
NA18962	28
NA18963	27
NA18964	27
NA18965	29
NA18966	30
NA18967	29
NA18968	29
NA18969	29
NA18970	33
NA18971	28
NA18972	33
NA18973	29
NA18974	35
NA18975	27
NA18976	27
NA18977	27
NA18978	27
NA18979	31
NA18980	27
NA18981	25
NA18982	25
NA18983	25
NA18984	27
NA18985	26
NA18986	32
NA18987	25
NA18988	27
NA18989	36
NA18990	29
NA18991	27
NA18992	25
NA18993	27
NA18994	32
NA18995	29
NA18997	26
NA18998	27
NA18999	29
NA19000	29
NA19001	27
NA19002	30
NA19003	25
NA19004	28
NA19005	28
NA19006	26
NA19007	26
NA19009	31
NA19010	28
NA19011	28
NA19012	31
NA19017	30
NA19019	29
NA19020	28
NA19023	25
NA19024	28
NA19025	29
NA19026	25
NA19027	30
NA19028	27
NA19030	27
NA19031	3
NA19035	30
NA19036	41
NA19037	33
NA19038	27
NA19041	24
NA19042	32
NA19043	32
NA19044	23
NA19054	27
NA19055	34
NA19056	28
NA19057	26
NA19058	27
NA19059	28
NA19060	29
NA19062	25
NA19063	33
NA19064	29
NA19065	27
NA19066	26
NA19067	28
NA19068	27
NA19070	27
NA19072	29
NA19074	27
NA19075	28
NA19076	34
NA19077	27
NA19078	28
NA19079	41
NA19080	26
NA19081	26
NA19082	26
NA19083	25
NA19084	31
NA19085	24
NA19086	28
NA19087	28
NA19088	29
NA19089	27
NA19090	35
NA19091	30
NA19092	29
NA19093	30
NA19094	25
NA19095	25
NA19096	28
NA19097	28
NA19098	30
NA19099	31
NA19100	27
NA19101	26
NA19102	27
NA19103	29
NA19107	27
NA19108	26
NA19109	28
NA19113	27
NA19114	26
NA19115	28
NA19116	28
NA19117	26
NA19118	30
NA19119	25
NA19120	24
NA19121	25
NA19122	28
NA19123	27
NA19127	27
NA19128	27
NA19129	29
NA19130	28
NA19131	33
NA19132	26
NA19137	26
NA19138	27
NA19139	28
NA19140	26
NA19141	23
NA19142	24
NA19143	26
NA19144	28
NA19145	28
NA19146	27
NA19147	27
NA19148	25
NA19149	27
NA19150	25
NA19151	28
NA19152	28
NA19153	29
NA19154	27
NA19159	28
NA19160	26
NA19161	29
NA19171	24
NA19172	26
NA19173	25
NA19174	27
NA19175	31
NA19176	26
NA19177	29
NA19184	25
NA19185	31
NA19186	28
NA19189	25
NA19190	32
NA19191	27
NA19197	28
NA19198	29
NA19199	27
NA19200	26
NA19201	25
NA19202	25
NA19203	27
NA19204	28
NA19205	25
NA19206	28
NA19207	29
NA19208	27
NA19209	31
NA19210	28
NA19211	28
NA19213	26
NA19214	35
NA19215	27
NA19221	27
NA19222	28
NA19223	29
NA19224	28
NA19225	26
NA19226	28
NA19235	26
NA19236	29
NA19237	28
NA19238	34
NA19239	27
NA19240	26
NA19247	25
NA19248	29
NA19249	26
NA19256	24
NA19257	29
NA19258	28
NA19307	28
NA19308	38
NA19309	25
NA19310	26
NA19312	28
NA19314	34
NA19315	30
NA19316	29
NA19317	29
NA19318	30
NA19319	29
NA19320	28
NA19321	28
NA19323	27
NA19324	26
NA19327	32
NA19328	35
NA19331	28
NA19332	28
NA19334	27
NA19338	27
NA19346	26
NA19347	28
NA19350	25
NA19351	28
NA19355	28
NA19360	27
NA19372	28
NA19374	3
NA19375	28
NA19376	28
NA19377	28
NA19378	25
NA19379	28
NA19380	26
NA19383	28
NA19384	28
NA19385	26
NA19390	25
NA19391	27
NA19393	28
NA19394	28
NA19395	29
NA19397	28
NA19399	27
NA19401	27
NA19403	28
NA19404	28
NA19428	27
NA19429	28
NA19430	27
NA19431	27
NA19434	29
NA19435	27
NA19436	27
NA19437	26
NA19438	28
NA19439	27
NA19440	28
NA19443	28
NA19445	27
NA19446	29
NA19448	27
NA19449	27
NA19451	28
NA19452	28
NA19454	28
NA19455	26
NA19456	26
NA19457	29
NA19461	28
NA19462	28
NA19463	28
NA19466	28
NA19467	27
NA19468	27
NA19471	28
NA19472	24
NA19473	27
NA19474	27
NA19475	27
NA19625	27
NA19648	28
NA19649	25
NA19650	28
NA19651	26
NA19652	27
NA19653	27
NA19654	27
NA19655	28
NA19656	28
NA19657	24
NA19658	27
NA19659	27
NA19660	27
NA19661	27
NA19662	27
NA19663	25
NA19664	25
NA19665	26
NA19669	26
NA19670	29
NA19671	28
NA19675	29
NA19676	26
NA19677	26
NA19678	37
NA19679	27
NA19680	27
NA19681	25
NA19682	26
NA19683	27
NA19684	27
NA19685	29
NA19686	26
NA19700	28
NA19701	28
NA19702	28
NA19703	28
NA19704	27
NA19705	28
NA19707	27
NA19711	26
NA19712	26
NA19713	27
NA19716	26
NA19717	28
NA19718	27
NA19719	29
NA19720	30
NA19721	27
NA19722	26
NA19723	27
NA19724	28
NA19725	25
NA19726	28
NA19727	27
NA19728	28
NA19729	27
NA19730	27
NA19731	27
NA19732	27
NA19733	27
NA19734	26
NA19735	27
NA19740	26
NA19741	25
NA19746	28
NA19747	25
NA19748	27
NA19749	25
NA19750	28
NA19751	27
NA19752	27
NA19755	26
NA19756	27
NA19757	27
NA19758	27
NA19759	26
NA19760	26
NA19761	25
NA19762	36
NA19763	26
NA19764	26
NA19770	27
NA19771	25
NA19772	28
NA19773	26
NA19774	26
NA19775	26
NA19776	27
NA19777	28
NA19778	27
NA19779	26
NA19780	27
NA19781	28
NA19782	26
NA19783	26
NA19784	28
NA19785	27
NA19786	27
NA19787	27
NA19788	26
NA19789	25
NA19790	26
NA19792	28
NA19794	31
NA19795	28
NA19796	27
NA19818	27
NA19819	28
NA19828	28
NA19834	35
NA19835	34
NA19836	27
NA19900	28
NA19901	28
NA19902	26
NA19904	26
NA19908	30
NA19909	26
NA19913	27
NA19914	26
NA19916	35
NA19917	27
NA19918	27
NA19919	29
NA19920	28
NA19921	26
NA19922	29
NA19923	29
NA19924	27
NA19982	27
NA19983	26
NA19984	29
NA20126	26
NA20127	34
NA20128	26
NA20129	27
NA20274	27
NA20276	26
NA20278	26
NA20279	27
NA20281	25
NA20282	26
NA20287	45
NA20289	30
NA20291	25
NA20294	27
NA20296	25
NA20298	28
NA20299	24
NA20314	25
NA20317	26
NA20318	29
NA20320	22
NA20321	26
NA20332	24
NA20334	28
NA20339	28
NA20340	28
NA20342	28
NA20346	27
NA20348	29
NA20351	29
NA20355	26
NA20356	28
NA20357	28
NA20358	29
NA20359	25
NA20362	29
NA20412	29
NA20502	28
NA20503	30
NA20504	26
NA20505	25
NA20506	27
NA20507	25
NA20508	25
NA20509	29
NA20510	24
NA20511	25
NA20512	28
NA20513	25
NA20514	25
NA20515	26
NA20516	29
NA20517	26
NA20518	25
NA20519	27
NA20520	33
NA20521	29
NA20522	27
NA20524	29
NA20525	26
NA20527	25
NA20528	25
NA20529	25
NA20530	29
NA20531	25
NA20532	25
NA20533	27
NA20534	26
NA20535	26
NA20536	25
NA20538	26
NA20539	25
NA20540	25
NA20541	27
NA20542	26
NA20543	28
NA20544	28
NA20581	28
NA20582	26
NA20585	26
NA20586	27
NA20587	29
NA20588	28
NA20589	26
NA20752	27
NA20753	26
NA20754	28
NA20755	29
NA20756	27
NA20757	28
NA20758	26
NA20759	30
NA20760	28
NA20761	27
NA20762	3
NA20763	33
NA20764	27
NA20765	24
NA20766	25
NA20767	26
NA20768	25
NA20769	28
NA20770	28
NA20771	31
NA20772	24
NA20773	27
NA20774	28
NA20775	29
NA20778	29
NA20783	28
NA20785	33
NA20786	28
NA20787	29
NA20790	28
NA20792	31
NA20795	28
NA20796	28
NA20797	25
NA20798	25
NA20799	27
NA20800	29
NA20801	28
NA20802	25
NA20803	28
NA20804	23
NA20805	29
NA20806	30
NA20807	27
NA20808	30
NA20809	28
NA20810	28
NA20811	29
NA20812	29
NA20813	28
NA20814	28
NA20815	26
NA20818	28
NA20819	26
NA20821	27
NA20822	27
NA20826	30
NA20827	34
NA20828	27
NA20832	28
NA20845	27
NA20846	26
NA20847	27
NA20849	26
NA20850	40
NA20851	26
NA20852	25
NA20853	27
NA20854	28
NA20856	27
NA20858	28
NA20859	30
NA20861	27
NA20862	25
NA20863	29
NA20864	30
NA20866	29
NA20867	28
NA20868	30
NA20869	30
NA20870	26
NA20872	25
NA20874	28
NA20875	31
NA20876	27
NA20877	25
NA20878	29
NA20881	28
NA20882	33
NA20884	25
NA20885	25
NA20886	28
NA20887	28
NA20888	28
NA20889	28
NA20890	27
NA20891	25
NA20892	25
NA20894	26
NA20895	27
NA20896	25
NA20897	27
NA20899	28
NA20900	26
NA20901	28
NA20902	28
NA20903	31
NA20904	31
NA20905	21
NA20906	33
NA20908	25
NA20910	28
NA20911	26
NA21086	30
NA21087	28
NA21088	28
NA21089	27
NA21090	26
NA21091	28
NA21092	26
NA21093	36
NA21094	38
NA21095	24
NA21097	26
NA21098	26
NA21099	28
NA21100	25
NA21101	32
NA21102	33
NA21103	25
NA21104	27
NA21105	31
NA21106	44
NA21107	26
NA21108	26
NA21109	29
NA21110	39
NA21111	25
NA21112	28
NA21113	26
NA21114	26
NA21115	32
NA21116	26
NA21117	25
NA21118	27
NA21119	25
NA21120	29
NA21122	27
NA21123	29
NA21124	27
NA21125	28
NA21126	26
NA21127	32
NA21128	34
NA21129	25
NA21130	27
NA21133	36
NA21135	29
NA21137	25
NA21141	28
NA21142	31
NA21143	32
NA21144	24
NA21490	31
NA21581	25
ND15865	30
ND19394	28
NOR111	32
Nesk_22	32
Nesk_25	30
Nlk1	33
Nlk18	27
Nlk3	33
NorthOssetia12	30
NorthOssetia5	32
Peru60	36
R3	30
R6	32
SA0342	30
SA0722	33
SAH31	31
SAH41	33
Sam02	28
Sir19	31
Sir26	29
Sir40	33
TGBS21	37
TZ-11	27
Tuba19	24
Tuba9	27
Ul31	28
Ul5	26
Utsa21	32
Utsa22	30
Y4	36
Y8	33
YemeniteJew4695	33
YemeniteJew5433	36
abh100	50
abh107	50
altai363p	52
armenia293	26
ch113	42
iran11	31
iran17	52
lez42	26
lez49	27
mg27	56
mg31	44
mixa0099	29
mixa0105	30
mixe0002	30
mixe0007	27
mixe0042	30
tdj409_shugnan	34
tdj430_shugnan	31
zapo0098	30
zapo0099	26
